Cliente,Account Owner,Estágio,Health Score,MRR (R$),Observações,Projetos (Central),Próximo Follow,Próximo passo,Pós venda - Ativo,Select,Última Interação
Franciele,João pedro,Em Desenvolvimento - Ativo,,,Criado automaticamente a partir do projeto Projeto Franciele - Upsell e checkout personalizado (Central%20de%20projetos%20Alaska/Projetos%20Alaska/Projeto%20Franciele%20-%20Upsell%20e%20checkout%20personalizad%2027240b881418808aa5eafb39b3f4dad3.md),Projeto Franciele - Upsell e checkout personalizado (Central%20de%20projetos%20Alaska/Projetos%20Alaska/Projeto%20Franciele%20-%20Upsell%20e%20checkout%20personalizad%2027240b881418808aa5eafb39b3f4dad3.md),,,No,,
Luis,João pedro,Em Desenvolvimento - Ativo,,,Criado automaticamente a partir do projeto Projeto Luis - Nova etapa (Central%20de%20projetos%20Alaska/Projetos%20Alaska/Projeto%20Luis%20-%20Nova%20etapa%2027240b8814188067bd6deb559168a309.md),Projeto Luis - Nova etapa (Central%20de%20projetos%20Alaska/Projetos%20Alaska/Projeto%20Luis%20-%20Nova%20etapa%2027240b8814188067bd6deb559168a309.md),,,No,,
Rodrigo,João pedro,Em Desenvolvimento - Ativo,,,Criado automaticamente a partir do projeto Projeto Rodrigo (Central%20de%20projetos%20Alaska/Projetos%20Alaska/Projeto%20Rodrigo%2027140b88141881148fbbee092eb66aaf.md),Projeto Rodrigo (Central%20de%20projetos%20Alaska/Projetos%20Alaska/Projeto%20Rodrigo%2027140b88141881148fbbee092eb66aaf.md),,,No,,
Thalles,João pedro,Em Desenvolvimento - Ativo,,,Criado automaticamente a partir do projeto Apresentação Thalles (Central%20de%20projetos%20Alaska/Projetos%20Alaska/Apresenta%C3%A7%C3%A3o%20Thalles%2027240b881418804c8224f7778cf2a4ec.md),Apresentação Thalles (Central%20de%20projetos%20Alaska/Projetos%20Alaska/Apresenta%C3%A7%C3%A3o%20Thalles%2027240b881418804c8224f7778cf2a4ec.md),,,No,,
Inovare,João pedro,Em Desenvolvimento - Ativo,,,Criado automaticamente a partir do projeto Projeto Inovare (Central%20de%20projetos%20Alaska/Projetos%20Alaska/Projeto%20Inovare%2027240b881418806db1faed1423540476.md),Projeto Inovare (Central%20de%20projetos%20Alaska/Projetos%20Alaska/Projeto%20Inovare%2027240b881418806db1faed1423540476.md),,,No,,
André,João pedro,Em Desenvolvimento - Ativo,,,Criado automaticamente a partir do projeto Projeto André (Central%20de%20projetos%20Alaska/Projetos%20Alaska/Projeto%20Andr%C3%A9%2027240b881418801b879ec567322f794f.md),Projeto André (Central%20de%20projetos%20Alaska/Projetos%20Alaska/Projeto%20Andr%C3%A9%2027240b881418801b879ec567322f794f.md),,,No,,
Iam,João pedro,Em Desenvolvimento - Ativo,,,Criado automaticamente a partir do projeto Projeto Iam (Central%20de%20projetos%20Alaska/Projetos%20Alaska/Projeto%20Iam%2027240b881418804f8344cff04b2521c9.md),Projeto Iam (Central%20de%20projetos%20Alaska/Projetos%20Alaska/Projeto%20Iam%2027240b881418804f8344cff04b2521c9.md),,,No,,
Oliver,João pedro,Em Desenvolvimento - Ativo,,,Criado automaticamente a partir do projeto Projeto Oliver (Central%20de%20projetos%20Alaska/Projetos%20Alaska/Projeto%20Oliver%2027240b88141880539fecd680a7575b59.md),Projeto Oliver (Central%20de%20projetos%20Alaska/Projetos%20Alaska/Projeto%20Oliver%2027240b88141880539fecd680a7575b59.md),,,No,,
Débora,João pedro,Em Desenvolvimento - Ativo,,,Criado automaticamente a partir do projeto Projeto Débora (Central%20de%20projetos%20Alaska/Projetos%20Alaska/Projeto%20D%C3%A9bora%2027240b8814188081a219c8d7d9fabc1d.md),Projeto Débora (Central%20de%20projetos%20Alaska/Projetos%20Alaska/Projeto%20D%C3%A9bora%2027240b8814188081a219c8d7d9fabc1d.md),,,No,,
MSK,João pedro,Em Desenvolvimento - Ativo,,,Criado automaticamente a partir do projeto Finalizar Projeto MSK (Central%20de%20projetos%20Alaska/Projetos%20Alaska/Finalizar%20Projeto%20MSK%2027240b881418804f9e1fdff908c860ef.md),Finalizar Projeto MSK (Central%20de%20projetos%20Alaska/Projetos%20Alaska/Finalizar%20Projeto%20MSK%2027240b881418804f9e1fdff908c860ef.md),,,No,,
Yochan,João pedro,Em Desenvolvimento - Ativo,,,Criado automaticamente a partir do projeto Projeto Yochan (Central%20de%20projetos%20Alaska/Projetos%20Alaska/Projeto%20Yochan%2027240b881418809988b4d2f6df173498.md),Projeto Yochan (Central%20de%20projetos%20Alaska/Projetos%20Alaska/Projeto%20Yochan%2027240b881418809988b4d2f6df173498.md),,,No,,
Rafael - Seguros - Slau,João pedro,Em Desenvolvimento - Ativo,,,Criado automaticamente a partir do projeto Projeto Rafael - Seguros - Slau (Central%20de%20projetos%20Alaska/Projetos%20Alaska/Projeto%20Rafael%20-%20Seguros%20-%20Slau%2027340b8814188028acbad42583cc9d00.md),Projeto Rafael - Seguros - Slau (Central%20de%20projetos%20Alaska/Projetos%20Alaska/Projeto%20Rafael%20-%20Seguros%20-%20Slau%2027340b8814188028acbad42583cc9d00.md),,,No,,
Claudio,João pedro,Em Desenvolvimento - Ativo,,,Criado automaticamente a partir do projeto Projeto Claudio (Central%20de%20projetos%20Alaska/Projetos%20Alaska/Projeto%20Claudio%2027240b88141880ebadf4ca9f321cd7b2.md),Projeto Claudio (Central%20de%20projetos%20Alaska/Projetos%20Alaska/Projeto%20Claudio%2027240b88141880ebadf4ca9f321cd7b2.md),,,No,,
Micael - Corretora,João pedro,Em Desenvolvimento - Ativo,,,Criado automaticamente a partir do projeto Projeto Micael - Corretora (Central%20de%20projetos%20Alaska/Projetos%20Alaska/Projeto%20Micael%20-%20Corretora%2027240b88141880fb82dacae390ee7168.md),Projeto Micael - Corretora (Central%20de%20projetos%20Alaska/Projetos%20Alaska/Projeto%20Micael%20-%20Corretora%2027240b88141880fb82dacae390ee7168.md),,,No,,
Danton,João pedro,Em Desenvolvimento - Ativo,,,Criado automaticamente a partir do projeto Projeto Danton (Central%20de%20projetos%20Alaska/Projetos%20Alaska/Projeto%20Danton%2027240b88141880a79289c61c2b9b385b.md),Projeto Danton (Central%20de%20projetos%20Alaska/Projetos%20Alaska/Projeto%20Danton%2027240b88141880a79289c61c2b9b385b.md),,,No,,
Malvino,João pedro,Em Desenvolvimento - Ativo,,,Criado automaticamente a partir do projeto Projeto Malvino (Central%20de%20projetos%20Alaska/Projetos%20Alaska/Projeto%20Malvino%2027240b88141880f7bbf4c7bd005beb92.md),Projeto Malvino (Central%20de%20projetos%20Alaska/Projetos%20Alaska/Projeto%20Malvino%2027240b88141880f7bbf4c7bd005beb92.md),,,No,,
Luciani,João pedro,Em Desenvolvimento - Ativo,,,Criado automaticamente a partir do projeto Projeto Luciani - Área de membros (Central%20de%20projetos%20Alaska/Projetos%20Alaska/Projeto%20Luciani%20-%20%C3%81rea%20de%20membros%2027240b88141880eabf46dcdd53924fc6.md),Projeto Luciani - Área de membros (Central%20de%20projetos%20Alaska/Projetos%20Alaska/Projeto%20Luciani%20-%20%C3%81rea%20de%20membros%2027240b88141880eabf46dcdd53924fc6.md),,,No,,
Hector,João pedro,Em Desenvolvimento - Ativo,,,Criado automaticamente a partir do projeto Projeto Hector (Central%20de%20projetos%20Alaska/Projetos%20Alaska/Projeto%20Hector%2027240b88141880a3bae7e95dc09cc07e.md),Projeto Hector (Central%20de%20projetos%20Alaska/Projetos%20Alaska/Projeto%20Hector%2027240b88141880a3bae7e95dc09cc07e.md),,,No,,
Altix - João CR7,João pedro,Em Desenvolvimento - Ativo,,,Criado automaticamente a partir do projeto Site da Altix - João CR7 (Central%20de%20projetos%20Alaska/Projetos%20Alaska/Site%20da%20Altix%20-%20Jo%C3%A3o%20CR7%2027940b881418801fb151dda14cdb7ba6.md),Site da Altix - João CR7 (Central%20de%20projetos%20Alaska/Projetos%20Alaska/Site%20da%20Altix%20-%20Jo%C3%A3o%20CR7%2027940b881418801fb151dda14cdb7ba6.md),,,No,,
Olivia EB cabelos,João pedro,Em Desenvolvimento - Ativo,,,Criado automaticamente a partir do projeto E-Commerce Olivia EB cabelos (Central%20de%20projetos%20Alaska/Projetos%20Alaska/E-Commerce%20Olivia%20EB%20cabelos%2027340b88141880c095fddffeee6cd338.md),E-Commerce Olivia EB cabelos (Central%20de%20projetos%20Alaska/Projetos%20Alaska/E-Commerce%20Olivia%20EB%20cabelos%2027340b88141880c095fddffeee6cd338.md),,,No,,
Carol - Empodera,João pedro,Em Desenvolvimento - Ativo,,,Criado automaticamente a partir do projeto E-Commerce Carol - Empodera (Central%20de%20projetos%20Alaska/Projetos%20Alaska/E-Commerce%20Carol%20-%20Empodera%2027340b88141880f48282e93f74e7115d.md),E-Commerce Carol - Empodera (Central%20de%20projetos%20Alaska/Projetos%20Alaska/E-Commerce%20Carol%20-%20Empodera%2027340b88141880f48282e93f74e7115d.md),,,No,,
Queens Hot Massage,João pedro,Em Desenvolvimento - Ativo,,,Criado automaticamente a partir do projeto Queens Hot Massage (Central%20de%20projetos%20Alaska/Projetos%20Alaska/Queens%20Hot%20Massage%2027940b8814188045aeaaf004ff517d44.md),Queens Hot Massage (Central%20de%20projetos%20Alaska/Projetos%20Alaska/Queens%20Hot%20Massage%2027940b8814188045aeaaf004ff517d44.md),,,No,,
Aureum,João pedro,Em Desenvolvimento - Ativo,,,Criado automaticamente a partir do projeto LP - Aureum (Central%20de%20projetos%20Alaska/Projetos%20Alaska/LP%20-%20Aureum%2027a40b881418800ca110c36bf4d0f8fa.md),LP - Aureum (Central%20de%20projetos%20Alaska/Projetos%20Alaska/LP%20-%20Aureum%2027a40b881418800ca110c36bf4d0f8fa.md),,,No,,
Donna,João pedro,Em Desenvolvimento - Ativo,,,Criado automaticamente a partir do projeto Projeto Donna (Central%20de%20projetos%20Alaska/Projetos%20Alaska/Projeto%20Donna%2027a40b881418801ea752ee53105619f6.md),Projeto Donna (Central%20de%20projetos%20Alaska/Projetos%20Alaska/Projeto%20Donna%2027a40b881418801ea752ee53105619f6.md),,,No,,
Deyvison,João pedro,Em Desenvolvimento - Ativo,,,Criado automaticamente a partir do projeto LP - Deyvison (Central%20de%20projetos%20Alaska/Projetos%20Alaska/LP%20-%20Deyvison%2027e40b88141880198e79ced1991c3638.md),LP - Deyvison (Central%20de%20projetos%20Alaska/Projetos%20Alaska/LP%20-%20Deyvison%2027e40b88141880198e79ced1991c3638.md),,,No,,
Ribeiro,João pedro,Em Desenvolvimento - Ativo,,,Criado automaticamente a partir do projeto LP - Ribeiro (Central%20de%20projetos%20Alaska/Projetos%20Alaska/LP%20-%20Ribeiro%2027e40b88141880fd98bcea5e57ce360b.md),LP - Ribeiro (Central%20de%20projetos%20Alaska/Projetos%20Alaska/LP%20-%20Ribeiro%2027e40b88141880fd98bcea5e57ce360b.md),,,No,,
Thais/Levi - Brindes SoftCut,João pedro,Em Desenvolvimento - Ativo,,,Criado automaticamente a partir do projeto LP - Thais/Levi - Brindes SoftCut (Central%20de%20projetos%20Alaska/Projetos%20Alaska/LP%20-%20Thais%20Levi%20-%20Brindes%20SoftCut%2027e40b881418808aa0efe2dc0a656e4a.md),LP - Thais/Levi - Brindes SoftCut (Central%20de%20projetos%20Alaska/Projetos%20Alaska/LP%20-%20Thais%20Levi%20-%20Brindes%20SoftCut%2027e40b881418808aa0efe2dc0a656e4a.md),,,No,,
Marcos Tv karaoke,João pedro,Em Desenvolvimento - Ativo,,,Criado automaticamente a partir do projeto LP - Marcos Tv karaoke (Central%20de%20projetos%20Alaska/Projetos%20Alaska/LP%20-%20Marcos%20Tv%20karaoke%2027e40b881418800fbb3cc4c3a1294381.md),LP - Marcos Tv karaoke (Central%20de%20projetos%20Alaska/Projetos%20Alaska/LP%20-%20Marcos%20Tv%20karaoke%2027e40b881418800fbb3cc4c3a1294381.md),,,No,,
Carlos trade - Newsletter,João pedro,Em Desenvolvimento - Ativo,,,Criado automaticamente a partir do projeto Carlos trade - Newsletter (Central%20de%20projetos%20Alaska/Projetos%20Alaska/Carlos%20trade%20-%20Newsletter%2028140b88141880b69a58c0cdc3ef28ac.md),Carlos trade - Newsletter (Central%20de%20projetos%20Alaska/Projetos%20Alaska/Carlos%20trade%20-%20Newsletter%2028140b88141880b69a58c0cdc3ef28ac.md),,,No,,
Artes Alaska,João pedro,Em Desenvolvimento - Ativo,,,Criado automaticamente a partir do projeto Artes Alaska (Central%20de%20projetos%20Alaska/Projetos%20Alaska/Artes%20Alaska%2027f40b881418809d9abfc38385090489.md),Artes Alaska (Central%20de%20projetos%20Alaska/Projetos%20Alaska/Artes%20Alaska%2027f40b881418809d9abfc38385090489.md),,,No,,
Paola be,João pedro,Em Desenvolvimento - Ativo,,,Criado automaticamente a partir do projeto LP - Paola be (Central%20de%20projetos%20Alaska/Projetos%20Alaska/LP%20-%20Paola%20be%2027e40b88141880ccb3f1e991a6d20205.md),LP - Paola be (Central%20de%20projetos%20Alaska/Projetos%20Alaska/LP%20-%20Paola%20be%2027e40b88141880ccb3f1e991a6d20205.md),,,No,,
Marcos,João pedro,Em Desenvolvimento - Ativo,,,Criado automaticamente a partir do projeto Projeto Marcos (Central%20de%20projetos%20Alaska/Projetos%20Alaska/Projeto%20Marcos%2027e40b88141880aca8fcca3a0bfea48d.md),Projeto Marcos (Central%20de%20projetos%20Alaska/Projetos%20Alaska/Projeto%20Marcos%2027e40b88141880aca8fcca3a0bfea48d.md),,,No,,
Léo,João pedro,Em Desenvolvimento - Ativo,,,Criado automaticamente a partir do projeto Untitled (https://www.notion.so/28140b881418807ebdb1c6037076f15f?pvs=21),,,,No,,
Arte em vídeo,João pedro,Em Desenvolvimento - Ativo,,,Criado automaticamente a partir do projeto Arte em vídeo (Central%20de%20projetos%20Alaska/Projetos%20Alaska/Arte%20em%20v%C3%ADdeo%2028040b88141880ca8674d4657868cc08.md),Arte em vídeo (Central%20de%20projetos%20Alaska/Projetos%20Alaska/Arte%20em%20v%C3%ADdeo%2028040b88141880ca8674d4657868cc08.md),,,No,,
12 artes (Carrossel) - Fran,João pedro,Em Desenvolvimento - Ativo,,,Criado automaticamente a partir do projeto 12 artes (Carrossel)  - Fran (Central%20de%20projetos%20Alaska/Projetos%20Alaska/12%20artes%20(Carrossel)%20-%20Fran%2028840b881418809a8b6bf50e9b73cc7e.md),12 artes (Carrossel)  - Fran (Central%20de%20projetos%20Alaska/Projetos%20Alaska/12%20artes%20(Carrossel)%20-%20Fran%2028840b881418809a8b6bf50e9b73cc7e.md),,,No,,
Wagner (Info-Produtos),João pedro,Em Desenvolvimento - Ativo,,,Criado automaticamente a partir do projeto LP - Wagner (Info-Produtos) (Central%20de%20projetos%20Alaska/Projetos%20Alaska/LP%20-%20Wagner%20(Info-Produtos)%2028c40b881418805cbcebe25aa98cf3c9.md),LP - Wagner (Info-Produtos) (Central%20de%20projetos%20Alaska/Projetos%20Alaska/LP%20-%20Wagner%20(Info-Produtos)%2028c40b881418805cbcebe25aa98cf3c9.md),,,No,,
4 Life,João pedro,Em Desenvolvimento - Ativo,,,Criado automaticamente a partir do projeto 4 Life (Central%20de%20projetos%20Alaska/Projetos%20Alaska/4%20Life%2028840b88141880459a1af6d9029b2f44.md),4 Life (Central%20de%20projetos%20Alaska/Projetos%20Alaska/4%20Life%2028840b88141880459a1af6d9029b2f44.md),,,No,,
Rogério Translogin,João pedro,Em Desenvolvimento - Ativo,,,Criado automaticamente a partir do projeto LP - Rogério Translogin (Central%20de%20projetos%20Alaska/Projetos%20Alaska/LP%20-%20Rog%C3%A9rio%20Translogin%2028540b881418802b9927d6f6743b8af2.md),LP - Rogério Translogin (Central%20de%20projetos%20Alaska/Projetos%20Alaska/LP%20-%20Rog%C3%A9rio%20Translogin%2028540b881418802b9927d6f6743b8af2.md),,,No,,
Malvino (link),João pedro,Em Desenvolvimento - Ativo,,,Criado automaticamente a partir do projeto Página de link Malvino (Central%20de%20projetos%20Alaska/Projetos%20Alaska/P%C3%A1gina%20de%20link%20Malvino%2028e40b88141880f0b5ebd88e0d75d4b1.md),Página de link Malvino (Central%20de%20projetos%20Alaska/Projetos%20Alaska/P%C3%A1gina%20de%20link%20Malvino%2028e40b88141880f0b5ebd88e0d75d4b1.md),,,No,,
Fran,João pedro,Em Desenvolvimento - Ativo,,,Criado automaticamente a partir do projeto Franciele (Central%20de%20projetos%20Alaska/Projetos%20Alaska/Franciele%2028840b881418800caa4be25b870822f1.md),Franciele (Central%20de%20projetos%20Alaska/Projetos%20Alaska/Franciele%2028840b881418800caa4be25b870822f1.md),,,No,,
Cristiano e Rodrigo,João pedro,Em Desenvolvimento - Ativo,,,Criado automaticamente a partir do projeto LP - Cristiano e Rodrigo (Central%20de%20projetos%20Alaska/Projetos%20Alaska/LP%20-%20Cristiano%20e%20Rodrigo%2028540b881418805290b3fb8f9d8517c2.md),LP - Cristiano e Rodrigo (Central%20de%20projetos%20Alaska/Projetos%20Alaska/LP%20-%20Cristiano%20e%20Rodrigo%2028540b881418805290b3fb8f9d8517c2.md),,,No,,
Claudio (LP),João pedro,Em Desenvolvimento - Ativo,,,Criado automaticamente a partir do projeto LP - Claudio (Central%20de%20projetos%20Alaska/Projetos%20Alaska/LP%20-%20Claudio%2028540b88141880b99a95dd2a8ad2f746.md),LP - Claudio (Central%20de%20projetos%20Alaska/Projetos%20Alaska/LP%20-%20Claudio%2028540b88141880b99a95dd2a8ad2f746.md),,,No,,
Uana Amorim,João pedro,Em Desenvolvimento - Ativo,,,Criado automaticamente a partir do projeto 2 LP Uana Amorim (Central%20de%20projetos%20Alaska/Projetos%20Alaska/2%20LP%20Uana%20Amorim%2028b40b881418802fa2ebc3004b16c29b.md),2 LP Uana Amorim (Central%20de%20projetos%20Alaska/Projetos%20Alaska/2%20LP%20Uana%20Amorim%2028b40b881418802fa2ebc3004b16c29b.md),,,No,,
Matheus,João pedro,Em Desenvolvimento - Ativo,,,Criado automaticamente a partir do projeto LP - Matheus + 5 criativos + checkout personalizado (2° público) (Central%20de%20projetos%20Alaska/Projetos%20Alaska/LP%20-%20Matheus%20+%205%20criativos%20+%20checkout%20personalizad%2028640b8814188080b8b8f41004a86844.md),LP - Matheus + 5 criativos + checkout personalizado (2° público) (Central%20de%20projetos%20Alaska/Projetos%20Alaska/LP%20-%20Matheus%20+%205%20criativos%20+%20checkout%20personalizad%2028640b8814188080b8b8f41004a86844.md),,,No,,
Nikh,João pedro,Em Desenvolvimento - Ativo,90,,Entregar e refinar ao decorrer do mês a página de oferta Black Friday Nikh (Central%20de%20projetos%20Alaska/Projetos%20Alaska/Nikh%2029d40b88141880f48c45e6e39b22d74a.md),Nikh (Central%20de%20projetos%20Alaska/Projetos%20Alaska/Nikh%2029d40b88141880f48c45e6e39b22d74a.md),"November 5, 2025",,No,,"November 4, 2025"
Nexus AI,João pedro,Em Desenvolvimento - Ativo,,,Criado automaticamente a partir do projeto Nexus AI (Central%20de%20projetos%20Alaska/Projetos%20Alaska/Nexus%20AI%2028d40b88141880dba70cd795c09d5c17.md),Nexus AI (Central%20de%20projetos%20Alaska/Projetos%20Alaska/Nexus%20AI%2028d40b88141880dba70cd795c09d5c17.md),,,No,,
Lucca,João pedro,Em Desenvolvimento - Ativo,,,Criado automaticamente a partir do projeto Lucca - 1° Página de link ✅ - 2º Página de link (Central%20de%20projetos%20Alaska/Projetos%20Alaska/Lucca%20-%201%C2%B0%20P%C3%A1gina%20de%20link%20%E2%9C%85%20-%202%C2%BA%20P%C3%A1gina%20de%20link%2028f40b88141880f7a8b6f3cb871098cf.md),Lucca - 1° Página de link ✅ - 2º Página de link (Central%20de%20projetos%20Alaska/Projetos%20Alaska/Lucca%20-%201%C2%B0%20P%C3%A1gina%20de%20link%20%E2%9C%85%20-%202%C2%BA%20P%C3%A1gina%20de%20link%2028f40b88141880f7a8b6f3cb871098cf.md),,,No,,
ClimberL,João pedro,Em Desenvolvimento - Ativo,,,Criado automaticamente a partir do projeto Site - ClimberL (Central%20de%20projetos%20Alaska/Projetos%20Alaska/Site%20-%20ClimberL%2027a40b881418803d91e1ea4797f9a3b6.md),Site - ClimberL (Central%20de%20projetos%20Alaska/Projetos%20Alaska/Site%20-%20ClimberL%2027a40b881418803d91e1ea4797f9a3b6.md),,,No,,
Marcus Vinícius (apresentação),João pedro,Em Desenvolvimento - Ativo,,,Criado automaticamente a partir do projeto Apresentação Marcus Vinícius (Central%20de%20projetos%20Alaska/Projetos%20Alaska/Apresenta%C3%A7%C3%A3o%20Marcus%20Vin%C3%ADcius%2027a40b88141880b0abe9cf1fdcd3f8f8.md),Apresentação Marcus Vinícius (Central%20de%20projetos%20Alaska/Projetos%20Alaska/Apresenta%C3%A7%C3%A3o%20Marcus%20Vin%C3%ADcius%2027a40b88141880b0abe9cf1fdcd3f8f8.md),,,No,,
Camila,João pedro,Em Desenvolvimento - Ativo,,,Criado automaticamente a partir do projeto Camila (Central%20de%20projetos%20Alaska/Projetos%20Alaska/Camila%2029a40b8814188058aff1ee5380cb3be0.md),Camila (Central%20de%20projetos%20Alaska/Projetos%20Alaska/Camila%2029a40b8814188058aff1ee5380cb3be0.md),,,No,,
We-Care (Leudair),João pedro,Em Desenvolvimento - Ativo,,,Criado automaticamente a partir do projeto We-Care (Leudair) (Central%20de%20projetos%20Alaska/Projetos%20Alaska/We-Care%20(Leudair)%2029b40b88141880e4886ad8a2666d63f1.md),We-Care (Leudair) (Central%20de%20projetos%20Alaska/Projetos%20Alaska/We-Care%20(Leudair)%2029b40b88141880e4886ad8a2666d63f1.md),,,No,,